id,first_name,last_name,email,gender,ip_address
1,Eleanora,Rivaland,erivaland0@netlog.com,Female,95.161.94.104
2,Roderic,Alldre,ralldre1@google.fr,Male,115.155.135.110
3,Denny,De la Yglesia,ddelayglesia2@technorati.com,Male,56.169.167.122
4,Van,Slinger,vslinger3@seesaa.net,Female,24.180.248.93
5,Huntlee,Clixby,hclixby4@unc.edu,Male,168.21.47.245
6,Kassi,Dmytryk,kdmytryk5@linkedin.com,Female,34.29.255.93
7,Zed,Colleford,zcolleford6@drupal.org,Male,144.52.230.156
8,Rice,Costall,rcostall7@fema.gov,Male,187.198.152.189
9,Starlin,Gaskin,sgaskin8@dedecms.com,Female,168.105.183.70
10,Neel,Stileman,nstileman9@cocolog-nifty.com,Male,79.203.205.239
11,Norah,Castanares,ncastanaresa@google.com.br,Female,194.181.48.226
12,Anthea,Kidney,akidneyb@youtube.com,Female,160.250.113.205
13,Raphaela,Mickleburgh,rmickleburghc@noaa.gov,Female,6.158.218.181
14,Liliane,Sandeman,lsandemand@home.pl,Female,155.43.21.203
15,Norry,Goulstone,ngoulstonee@myspace.com,Male,97.11.110.216
16,Mendy,Marwood,mmarwoodf@mtv.com,Male,179.196.250.87
17,Micky,Gumn,mgumng@mysql.com,Female,18.45.48.181
18,Berk,Alentyev,balentyevh@sfgate.com,Male,144.232.83.173
19,Steffane,Beneze,sbenezei@stumbleupon.com,Female,238.26.125.250
20,Armand,Chrstine,achrstinej@imgur.com,Male,26.125.151.120
21,Emelita,Louw,elouwk@wordpress.com,Female,212.136.87.251
22,Pincus,Kerbler,pkerblerl@sourceforge.net,Male,149.12.53.24
23,Trixy,Ducker,tduckerm@newyorker.com,Female,207.139.88.49
24,Luise,Wickenden,lwickendenn@merriam-webster.com,Female,14.164.188.207
25,Yorgo,Ghidelli,yghidellio@pen.io,Male,42.72.19.99
26,Ivett,Overshott,iovershottp@tmall.com,Female,174.73.119.238
27,Ignacius,Trewman,itrewmanq@fastcompany.com,Polygender,61.50.213.28
28,Shea,Frye,sfryer@behance.net,Female,73.167.240.80
29,Portie,Heeks,pheekss@soundcloud.com,Male,147.90.99.168
30,Lek,Wissbey,lwissbeyt@list-manage.com,Male,65.107.116.86
31,Alene,Ellcome,aellcomeu@devhub.com,Female,18.81.100.43
32,Ezekiel,Wittman,ewittmanv@thetimes.co.uk,Male,247.26.146.223
33,Ynez,Scogin,yscoginw@jimdo.com,Female,134.149.82.236
34,Aldon,Archell,aarchellx@tumblr.com,Male,144.28.57.105
35,Charlotta,Jimeno,cjimenoy@instagram.com,Female,247.118.63.218
36,Pyotr,Norquay,pnorquayz@sciencedaily.com,Male,121.20.191.178
37,Salome,Schuster,sschuster10@de.vu,Female,82.23.92.67
38,Ambrose,Retchless,aretchless11@howstuffworks.com,Male,171.186.241.237
39,Wyatt,Tams,wtams12@nps.gov,Male,12.115.155.152
40,Tarrance,De la Barre,tdelabarre13@delicious.com,Male,225.71.226.48
41,Ofilia,Goldup,ogoldup14@berkeley.edu,Female,32.11.255.244
42,Merrily,Arber,marber15@samsung.com,Female,85.57.177.94
43,Bobbye,Troillet,btroillet16@pbs.org,Female,55.80.33.250
44,Mersey,Mulgrew,mmulgrew17@github.io,Bigender,248.162.64.8
45,Karia,Bousler,kbousler18@gmpg.org,Bigender,231.88.140.78
46,Ryan,Alejandri,ralejandri19@gmpg.org,Male,192.139.160.151
47,Guido,Gianuzzi,ggianuzzi1a@yelp.com,Male,225.53.78.36
48,Mandel,MacDirmid,mmacdirmid1b@jugem.jp,Male,16.21.234.48
49,Dalli,Dedenham,ddedenham1c@foxnews.com,Male,29.62.140.180
50,Gerard,Streatley,gstreatley1d@freewebs.com,Male,80.120.252.38
51,Rolfe,Denk,rdenk1e@goo.ne.jp,Male,75.104.95.73
52,Myles,Elphick,melphick1f@reference.com,Non-binary,157.19.129.231
53,Fonz,Devey,fdevey1g@cnbc.com,Male,242.189.250.30
54,Keith,Perrot,kperrot1h@163.com,Male,22.36.174.24
55,Latisha,Slaght,lslaght1i@github.io,Female,231.222.205.220
56,Bertie,Haston,bhaston1j@salon.com,Male,121.219.116.244
57,Douglass,Dudenie,ddudenie1k@msu.edu,Male,223.129.238.115
58,Isabelita,Rothman,irothman1l@npr.org,Bigender,131.247.22.186
59,Jacquenetta,Fairbank,jfairbank1m@canalblog.com,Genderfluid,150.177.68.16
60,Kayne,Sibthorp,ksibthorp1n@flavors.me,Male,33.30.238.73
61,Manolo,Glencross,mglencross1o@networksolutions.com,Polygender,23.220.78.163
62,Lucia,Garnsworth,lgarnsworth1p@soundcloud.com,Bigender,143.9.133.145
63,Lucho,Ort,lort1q@slate.com,Male,18.210.51.27
64,Maryjane,Milvarnie,mmilvarnie1r@wix.com,Polygender,101.27.168.253
65,Bertine,Cockitt,bcockitt1s@columbia.edu,Female,165.86.17.236
66,Towney,Doley,tdoley1t@i2i.jp,Male,157.178.69.254
67,Baxie,Brigge,bbrigge1u@jugem.jp,Male,176.145.29.162
68,Garrard,Filipic,gfilipic1v@kickstarter.com,Male,105.40.34.191
69,Eddy,Arlow,earlow1w@mozilla.org,Female,138.8.166.161
70,Kendal,Bote,kbote1x@yolasite.com,Male,198.13.221.102
71,Thadeus,Dupree,tdupree1y@nih.gov,Male,142.36.147.20
72,Georgi,Gonnely,ggonnely1z@telegraph.co.uk,Male,28.47.34.168
73,Wain,Large,wlarge20@cbsnews.com,Male,131.16.131.17
74,Reinaldos,Calverd,rcalverd21@eventbrite.com,Male,56.122.122.89
75,Alfonso,Fitchett,afitchett22@state.gov,Male,0.89.43.88
76,Colby,Waslin,cwaslin23@admin.ch,Male,160.170.201.83
77,Normand,Gerrit,ngerrit24@de.vu,Genderqueer,210.51.78.106
78,Kori,Titchener,ktitchener25@studiopress.com,Female,1.141.220.202
79,Marci,Warne,mwarne26@intel.com,Female,23.207.228.14
80,Aylmar,Hedling,ahedling27@sphinn.com,Male,180.249.56.147
81,Kara,Baxstar,kbaxstar28@angelfire.com,Female,191.236.114.198
82,Avrit,Cordie,acordie29@jugem.jp,Female,5.223.212.102
83,Billi,Paprotny,bpaprotny2a@go.com,Female,200.49.177.65
84,Charil,Goathrop,cgoathrop2b@imageshack.us,Female,137.126.246.50
85,Bryant,Fike,bfike2c@networksolutions.com,Male,99.150.212.255
86,Alec,Beastall,abeastall2d@canalblog.com,Male,101.144.201.143
87,Wayland,Hopkyns,whopkyns2e@storify.com,Male,90.24.55.150
88,Duke,Carleton,dcarleton2f@acquirethisname.com,Male,138.223.44.239
89,Malvin,Braundt,mbraundt2g@symantec.com,Male,70.72.241.234
90,Elicia,Tebbe,etebbe2h@parallels.com,Female,238.221.26.221
91,Kennedy,Cumberlidge,kcumberlidge2i@prnewswire.com,Male,187.194.207.250
92,May,Foggo,mfoggo2j@weather.com,Female,52.127.247.35
93,Maison,Giraudel,mgiraudel2k@usatoday.com,Male,8.196.217.77
94,Jackson,Gander,jgander2l@barnesandnoble.com,Male,178.111.238.206
95,Valentin,Abelov,vabelov2m@freewebs.com,Male,139.237.223.26
96,Zorina,Dobby,zdobby2n@yale.edu,Female,61.120.199.18
97,Darelle,Gallier,dgallier2o@rakuten.co.jp,Female,181.145.102.225
98,Nikolos,O'Concannon,noconcannon2p@wunderground.com,Male,103.77.40.70
99,Sanson,Prosek,sprosek2q@prlog.org,Genderfluid,135.194.15.22
100,Abbe,Depke,adepke2r@earthlink.net,Female,254.17.157.114
101,Nanci,Fisby,nfisby2s@cloudflare.com,Female,252.125.52.85
102,Stephani,Wimmers,swimmers2t@t.co,Female,255.76.8.227
103,Onfroi,Targett,otargett2u@soundcloud.com,Male,155.81.204.80
104,Michal,Danelutti,mdanelutti2v@intel.com,Male,56.102.152.180
105,Estrellita,Venton,eventon2w@bluehost.com,Female,96.109.213.211
106,Tobe,Seint,tseint2x@ocn.ne.jp,Male,183.154.28.159
107,Normy,Peyzer,npeyzer2y@pen.io,Male,183.100.81.223
108,Fredericka,Skim,fskim2z@wired.com,Female,87.108.160.169
109,Delaney,McGeady,dmcgeady30@netscape.com,Male,62.151.166.255
110,Inglis,Turri,iturri31@cbslocal.com,Male,118.219.25.42
111,Cindy,Soldner,csoldner32@wikispaces.com,Genderqueer,248.70.232.90
112,Shalom,Catt,scatt33@behance.net,Male,193.229.87.156
113,Malvina,Geaveny,mgeaveny34@technorati.com,Female,136.111.154.202
114,Shanon,Harcarse,sharcarse35@yelp.com,Female,10.118.141.209
115,Silva,Tetla,stetla36@wufoo.com,Female,2.243.32.126
116,Noland,Power,npower37@cargocollective.com,Polygender,117.23.167.22
117,Karie,Pasley,kpasley38@tamu.edu,Female,206.80.141.75
118,Carlie,Chainey,cchainey39@e-recht24.de,Female,215.117.171.105
119,Franz,Yuryaev,fyuryaev3a@thetimes.co.uk,Male,184.35.125.254
120,Germaine,Folshom,gfolshom3b@instagram.com,Female,186.28.116.144
121,Averil,Connow,aconnow3c@youtu.be,Female,70.116.71.225
122,Annora,Shepeard,ashepeard3d@alibaba.com,Female,133.244.51.247
123,Ichabod,Denness,idenness3e@paypal.com,Male,174.173.232.212
124,Arni,Vanichkov,avanichkov3f@dropbox.com,Male,175.248.118.246
125,Giulietta,Costellow,gcostellow3g@reverbnation.com,Female,5.49.228.120
126,Teirtza,Ciotto,tciotto3h@tmall.com,Female,130.114.106.216
127,Penny,Reucastle,preucastle3i@harvard.edu,Male,214.31.68.232
128,Leslie,Premble,lpremble3j@typepad.com,Female,203.135.176.183
129,Bobbie,Chirm,bchirm3k@hc360.com,Female,244.128.13.147
130,Claresta,Wickwar,cwickwar3l@imageshack.us,Female,92.208.12.66
131,Gisele,Cogswell,gcogswell3m@independent.co.uk,Female,244.97.68.151
132,Karee,Amorts,kamorts3n@bloomberg.com,Female,201.66.3.138
133,Giffer,Rodliff,grodliff3o@hud.gov,Male,96.251.120.10
134,Hermione,Nozzolii,hnozzolii3p@w3.org,Female,174.129.235.124
135,Wilbur,Cullen,wcullen3q@senate.gov,Male,132.142.60.102
136,Bev,Meates,bmeates3r@upenn.edu,Genderfluid,21.198.100.178
137,Renae,Bielfeld,rbielfeld3s@state.tx.us,Female,216.69.77.118
138,Emyle,Grime,egrime3t@walmart.com,Female,211.124.94.182
139,Rora,Fumagallo,rfumagallo3u@cdc.gov,Female,209.206.219.180
140,Rickie,Bealing,rbealing3v@ow.ly,Male,56.82.120.65
141,Dominique,Aughtie,daughtie3w@columbia.edu,Female,113.82.68.21
142,Tresa,MacSweeney,tmacsweeney3x@alibaba.com,Female,251.29.132.141
143,Corbie,Coleby,ccoleby3y@github.io,Male,179.4.6.234
144,Nealy,Arrol,narrol3z@nature.com,Male,81.6.136.156
145,Ignacio,Espino,iespino40@rakuten.co.jp,Male,56.7.215.103
146,Creigh,Ferneley,cferneley41@themeforest.net,Male,195.148.182.23
147,Ruthie,Whitelock,rwhitelock42@dmoz.org,Female,220.13.48.80
148,Modesta,Molloy,mmolloy43@barnesandnoble.com,Polygender,221.249.98.192
149,Major,Gaule,mgaule44@techcrunch.com,Male,142.62.139.7
150,Jacinda,Carwithan,jcarwithan45@vistaprint.com,Female,252.213.102.229
151,Rockwell,Tumasian,rtumasian46@washington.edu,Male,168.66.15.255
152,Giustino,Hawse,ghawse47@altervista.org,Male,199.210.70.183
153,Frederick,Radnage,fradnage48@uol.com.br,Male,17.9.50.74
154,Marie,Wynrahame,mwynrahame49@friendfeed.com,Female,97.174.102.170
155,Tulley,Mewha,tmewha4a@bbb.org,Male,216.180.89.97
156,Eldon,Union,eunion4b@squidoo.com,Male,18.42.136.191
157,Quintin,Sannes,qsannes4c@studiopress.com,Male,115.79.239.17
158,Laurella,Gomes,lgomes4d@flickr.com,Female,204.163.92.146
159,Rickard,Oneile,roneile4e@yahoo.co.jp,Male,233.235.132.127
160,Logan,Daley,ldaley4f@simplemachines.org,Male,148.4.141.135
161,Hendrick,Zealander,hzealander4g@whitehouse.gov,Male,193.42.113.49
162,Leupold,Eassom,leassom4h@unesco.org,Male,18.107.34.95
163,Jourdain,Coaster,jcoaster4i@opera.com,Male,179.204.187.129
164,Vick,Wroughton,vwroughton4j@hc360.com,Male,193.84.253.60
165,Abbot,Giron,agiron4k@usnews.com,Male,198.140.89.209
166,Briant,Bromidge,bbromidge4l@yelp.com,Male,5.197.49.92
167,Obie,MacMorland,omacmorland4m@is.gd,Genderfluid,189.242.92.225
168,Alec,Tompkin,atompkin4n@illinois.edu,Male,52.141.226.40
169,Harv,O'Currine,hocurrine4o@facebook.com,Genderfluid,138.129.254.0
170,Valery,Rosewall,vrosewall4p@pinterest.com,Female,116.88.114.73
171,Rube,Ffrench,rffrench4q@nsw.gov.au,Male,24.11.232.225
172,Quintin,Clawson,qclawson4r@facebook.com,Male,131.229.25.102
173,Janie,Fromont,jfromont4s@noaa.gov,Female,154.153.77.79
174,Julius,Spybey,jspybey4t@rambler.ru,Male,1.234.149.23
175,Neila,Mc Cahey,nmccahey4u@pinterest.com,Agender,92.165.138.194
176,Luigi,Saer,lsaer4v@ebay.co.uk,Male,242.143.174.71
177,Orelie,Ainslee,oainslee4w@princeton.edu,Female,71.90.213.182
178,Abraham,Nickols,anickols4x@usda.gov,Non-binary,11.176.192.128
179,Silvester,Ibbett,sibbett4y@sciencedirect.com,Male,155.109.62.222
180,Patin,Jervoise,pjervoise4z@cmu.edu,Male,92.206.61.41
181,Weylin,Mably,wmably50@so-net.ne.jp,Male,249.218.48.78
182,Todd,Haythornthwaite,thaythornthwaite51@acquirethisname.com,Male,15.149.33.222
183,Angelo,McCart,amccart52@comcast.net,Male,56.15.19.146
184,Celinda,Hammelberg,chammelberg53@aol.com,Female,159.120.193.145
185,Jeffy,Havard,jhavard54@parallels.com,Male,43.190.121.5
186,Rosemonde,Marshall,rmarshall55@auda.org.au,Female,195.129.37.227
187,Davine,Byard,dbyard56@dropbox.com,Female,166.245.117.102
188,Sarge,Starkings,sstarkings57@census.gov,Non-binary,71.7.32.6
189,Eba,Enser,eenser58@jiathis.com,Female,1.162.135.89
190,Meryl,Bebbell,mbebbell59@photobucket.com,Female,41.226.36.119
191,Sonny,Daulby,sdaulby5a@irs.gov,Female,165.175.194.64
192,Romona,Bloggett,rbloggett5b@ustream.tv,Female,206.212.246.41
193,Sumner,Walter,swalter5c@4shared.com,Male,187.95.164.17
194,Corinna,Boutwell,cboutwell5d@drupal.org,Female,63.196.143.12
195,Urban,Broggio,ubroggio5e@hc360.com,Male,68.94.185.35
196,Chas,Normanvill,cnormanvill5f@cornell.edu,Male,79.193.54.42
197,Marijo,Prantl,mprantl5g@artisteer.com,Female,40.140.87.137
198,Effie,Daniaud,edaniaud5h@columbia.edu,Female,252.9.153.18
199,Kipp,Seilmann,kseilmann5i@issuu.com,Agender,140.18.21.145
200,Oriana,Questier,oquestier5j@smh.com.au,Female,71.170.48.70
201,Harlie,Ciottoi,hciottoi5k@bluehost.com,Female,241.96.37.240
202,Julieta,Rubenczyk,jrubenczyk5l@nyu.edu,Female,222.147.198.231
203,Ladonna,Fass,lfass5m@arizona.edu,Non-binary,76.55.82.204
204,Arte,Heaven,aheaven5n@nature.com,Male,114.71.143.43
205,Tiphanie,Varndall,tvarndall5o@youtu.be,Female,60.166.26.22
206,Sarene,Heibel,sheibel5p@ebay.co.uk,Female,85.45.78.238
207,Sidoney,Jachimiak,sjachimiak5q@eepurl.com,Female,193.123.6.242
208,Fabiano,Clifft,fclifft5r@youtu.be,Male,150.107.253.205
209,Norby,Clancy,nclancy5s@imageshack.us,Male,146.210.239.98
210,Clemens,Perroni,cperroni5t@census.gov,Agender,252.254.230.48
211,Bernie,Dutton,bdutton5u@princeton.edu,Male,164.180.224.221
212,Caterina,Cheetam,ccheetam5v@yale.edu,Female,183.69.130.100
213,Jobi,Fenelon,jfenelon5w@tamu.edu,Female,211.33.155.106
214,Ruthi,Ditt,rditt5x@ocn.ne.jp,Female,184.178.122.146
215,Skippie,Dutchburn,sdutchburn5y@vistaprint.com,Male,34.196.41.130
216,Jorie,Janowski,jjanowski5z@photobucket.com,Female,99.168.40.92
217,Boony,Zanutti,bzanutti60@rambler.ru,Male,135.112.120.72
218,Gillan,Androlli,gandrolli61@google.it,Agender,122.205.129.149
219,Nanon,Ksandra,nksandra62@ehow.com,Female,144.216.8.148
220,Kincaid,Jeschner,kjeschner63@cnet.com,Male,154.248.143.233
221,Lena,Lange,llange64@addtoany.com,Female,69.14.52.233
222,Ode,Haddow,ohaddow65@google.pl,Male,93.219.242.168
223,Peg,Baldacco,pbaldacco66@infoseek.co.jp,Female,195.111.106.163
224,Ulrica,Leebeter,uleebeter67@myspace.com,Female,165.121.148.142
225,Bradford,Caley,bcaley68@yahoo.co.jp,Male,199.72.190.134
226,Walsh,Rountree,wrountree69@chronoengine.com,Male,24.7.163.179
227,Trudie,Lidington,tlidington6a@nifty.com,Female,172.76.29.39
228,Hoebart,Epsly,hepsly6b@g.co,Male,58.25.54.101
229,Donella,Simnel,dsimnel6c@so-net.ne.jp,Female,105.16.178.114
230,Cybil,Sacase,csacase6d@cbsnews.com,Female,120.143.29.149
231,Katinka,Presnall,kpresnall6e@themeforest.net,Female,147.134.92.23
232,Noemi,Pegg,npegg6f@earthlink.net,Female,255.15.36.240
233,Juliette,Thoms,jthoms6g@deliciousdays.com,Female,118.96.180.30
234,Titos,Clifforth,tclifforth6h@reuters.com,Male,43.172.115.25
235,Marion,Lissimore,mlissimore6i@netvibes.com,Male,248.90.98.44
236,Essa,Pieter,epieter6j@drupal.org,Female,159.106.2.111
237,Thedric,Jeromson,tjeromson6k@mail.ru,Male,106.174.176.78
238,Trever,Foulis,tfoulis6l@ucoz.ru,Male,46.232.233.141
239,Amelina,Yeates,ayeates6m@telegraph.co.uk,Genderqueer,219.67.82.226
240,Brina,Hammerich,bhammerich6n@census.gov,Female,207.4.205.176
241,Fonz,Callard,fcallard6o@tamu.edu,Male,114.193.114.98
242,Ginnie,Willcox,gwillcox6p@4shared.com,Female,97.100.76.146
243,Alicea,MacAllen,amacallen6q@samsung.com,Female,50.176.202.230
244,Terrie,Kyne,tkyne6r@tmall.com,Female,72.9.178.247
245,Marcos,Anniwell,manniwell6s@mtv.com,Male,196.22.168.84
246,Beatrisa,Bonelle,bbonelle6t@latimes.com,Female,41.63.75.224
247,Maegan,Raubenheimers,mraubenheimers6u@huffingtonpost.com,Female,102.101.73.159
248,Teri,Robbey,trobbey6v@canalblog.com,Female,44.160.197.135
249,Alaster,Goutcher,agoutcher6w@nytimes.com,Male,43.227.213.187
250,Benedict,Pfertner,bpfertner6x@webeden.co.uk,Male,85.76.150.190
251,Ailene,Botler,abotler6y@senate.gov,Agender,177.236.239.200
252,Arel,Flanders,aflanders6z@cbc.ca,Male,64.48.162.24
253,Fran,Lorking,florking70@csmonitor.com,Male,230.169.147.44
254,Veronika,Golden of Ireland,vgoldenofireland71@cbsnews.com,Female,42.73.142.60
255,Jeddy,Blockey,jblockey72@typepad.com,Male,207.132.28.6
256,Dolf,Ioannidis,dioannidis73@clickbank.net,Male,230.241.92.207
257,Dorolice,Gauntlett,dgauntlett74@youtube.com,Female,127.194.241.145
258,Sarge,Creggan,screggan75@hp.com,Male,181.157.56.220
259,Mildrid,Tincombe,mtincombe76@hibu.com,Female,144.220.190.117
260,Laurie,Mitrovic,lmitrovic77@mit.edu,Male,178.165.135.129
261,Addy,Ochiltree,aochiltree78@wix.com,Male,34.102.115.25
262,Karlis,Pollastrone,kpollastrone79@dedecms.com,Male,175.58.229.151
263,Prentice,Lunge,plunge7a@sciencedirect.com,Male,19.107.35.179
264,Winne,Lawtie,wlawtie7b@nytimes.com,Female,14.36.199.135
265,Rosabella,Skeeles,rskeeles7c@nba.com,Female,26.165.23.207
266,Mindy,Freezer,mfreezer7d@zdnet.com,Female,228.204.150.234
267,Corbet,Wenderoth,cwenderoth7e@geocities.jp,Male,64.62.253.24
268,Sayer,Toppas,stoppas7f@wunderground.com,Male,247.36.182.102
269,Marji,McIlreavy,mmcilreavy7g@creativecommons.org,Female,135.156.15.173
270,Nathalia,Beagin,nbeagin7h@globo.com,Polygender,237.16.78.23
271,Karalynn,Tinkler,ktinkler7i@irs.gov,Female,147.82.21.232
272,Pace,Gibbings,pgibbings7j@dion.ne.jp,Male,146.45.143.250
273,Gayleen,McNiven,gmcniven7k@wikipedia.org,Female,54.188.160.60
274,Martita,Bosch,mbosch7l@hao123.com,Female,108.121.102.201
275,Pam,Bispham,pbispham7m@prweb.com,Female,32.85.249.2
276,Wilfrid,Szymanski,wszymanski7n@acquirethisname.com,Non-binary,91.202.68.225
277,Tammi,Matuszinski,tmatuszinski7o@joomla.org,Female,109.249.31.133
278,Sibby,Bullin,sbullin7p@hao123.com,Bigender,37.137.73.217
279,Lorianne,Fairs,lfairs7q@github.com,Genderfluid,228.158.180.68
280,Anton,Molden,amolden7r@squarespace.com,Male,26.31.61.136
281,Ardene,Hickisson,ahickisson7s@earthlink.net,Female,162.96.237.32
282,Wells,Bartolijn,wbartolijn7t@jigsy.com,Male,43.0.135.161
283,Garrek,Roughley,groughley7u@slate.com,Male,3.225.144.85
284,Alli,Burress,aburress7v@weibo.com,Female,78.239.28.48
285,Bryana,Bartram,bbartram7w@ehow.com,Female,24.45.118.115
286,Asher,Kavanagh,akavanagh7x@ezinearticles.com,Male,31.111.132.92
287,Maud,Vodden,mvodden7y@booking.com,Female,197.93.241.173
288,Anica,Doey,adoey7z@mayoclinic.com,Female,221.147.189.149
289,Alfy,Shawley,ashawley80@newsvine.com,Male,196.223.233.107
290,Fey,Ounsworth,founsworth81@pen.io,Female,61.96.40.49
291,Kevina,Bannerman,kbannerman82@biblegateway.com,Female,0.102.247.132
292,Arline,Robinet,arobinet83@jugem.jp,Female,56.235.28.27
293,Anallese,Widdowes,awiddowes84@friendfeed.com,Female,240.6.172.240
294,Gwen,Clyant,gclyant85@amazon.co.uk,Female,185.173.174.114
295,Isabella,Talkington,italkington86@ucsd.edu,Female,68.240.201.125
296,Jeremias,Featherby,jfeatherby87@webeden.co.uk,Male,125.32.236.95
297,Tadeo,Beaman,tbeaman88@smh.com.au,Male,75.185.21.123
298,Bethena,Blabie,bblabie89@imgur.com,Female,144.155.17.43
299,Justinian,Norfolk,jnorfolk8a@wikia.com,Male,130.144.62.237
300,Talia,Pouton,tpouton8b@statcounter.com,Female,4.13.188.67
301,Doretta,Bengal,dbengal8c@rakuten.co.jp,Female,244.183.193.69
302,Ron,Beadles,rbeadles8d@vinaora.com,Male,32.103.226.249
303,Alejandrina,Backsal,abacksal8e@washingtonpost.com,Female,253.136.22.84
304,Doreen,Harfleet,dharfleet8f@dot.gov,Female,95.164.150.24
305,Robers,Videan,rvidean8g@tmall.com,Male,139.158.171.32
306,Tybalt,McVitie,tmcvitie8h@yale.edu,Male,90.159.35.47
307,Randy,Hubber,rhubber8i@fc2.com,Male,150.100.159.139
308,Bran,Ormes,bormes8j@wikipedia.org,Genderqueer,112.70.61.165
309,Goddard,Richly,grichly8k@scientificamerican.com,Male,180.120.128.250
310,Giacinta,Arro,garro8l@disqus.com,Female,249.246.38.201
311,Elysee,Josh,ejosh8m@washingtonpost.com,Female,136.193.190.128
312,Holmes,Gotliffe,hgotliffe8n@tripadvisor.com,Male,218.180.120.159
313,Cacilia,Skeels,cskeels8o@bizjournals.com,Female,119.16.220.145
314,Kari,Tarney,ktarney8p@ustream.tv,Female,125.176.56.41
315,Theressa,Batter,tbatter8q@mlb.com,Female,83.56.131.68
316,Nelli,Frosdick,nfrosdick8r@tinypic.com,Female,74.34.164.65
317,Maribel,Simenot,msimenot8s@usa.gov,Non-binary,147.14.155.217
318,Euell,Sauvage,esauvage8t@imdb.com,Male,240.153.36.250
319,Arlinda,Brandi,abrandi8u@vimeo.com,Female,161.170.24.73
320,Riannon,Baynton,rbaynton8v@who.int,Female,219.67.251.80
321,Garv,Rainy,grainy8w@boston.com,Male,18.225.2.213
322,Langston,Meeland,lmeeland8x@lycos.com,Male,45.225.48.109
323,Eadith,Revens,erevens8y@auda.org.au,Bigender,25.68.90.108
324,Port,Machent,pmachent8z@com.com,Male,102.99.220.218
325,Jelene,Cessford,jcessford90@cam.ac.uk,Female,23.74.122.21
326,Rice,Gianettini,rgianettini91@msu.edu,Male,88.138.20.223
327,Inger,Langwade,ilangwade92@hud.gov,Male,235.38.167.171
328,Arvy,Beetlestone,abeetlestone93@scribd.com,Male,90.227.52.242
329,Garwood,Cheatle,gcheatle94@mail.ru,Male,78.120.66.79
330,Thacher,Mussen,tmussen95@uiuc.edu,Male,163.59.178.192
331,Clio,Laytham,claytham96@wikispaces.com,Agender,216.7.198.161
332,Cory,Kilmurry,ckilmurry97@phpbb.com,Male,92.95.32.111
333,Orin,Freathy,ofreathy98@miitbeian.gov.cn,Genderfluid,154.228.194.27
334,Bartlett,Heinzel,bheinzel99@independent.co.uk,Male,25.183.209.169
335,Maryrose,Cleen,mcleen9a@nbcnews.com,Female,114.74.7.81
336,Noe,Rack,nrack9b@paypal.com,Male,57.141.10.166
337,Patty,Bryett,pbryett9c@slideshare.net,Male,30.190.211.79
338,Jill,Schall,jschall9d@spotify.com,Female,221.71.70.207
339,Val,Olekhov,volekhov9e@google.ru,Male,91.105.206.219
340,Che,Foxhall,cfoxhall9f@dion.ne.jp,Male,105.243.5.29
341,Jesse,Thurlbeck,jthurlbeck9g@csmonitor.com,Female,126.129.54.44
342,Mandi,Wadhams,mwadhams9h@bandcamp.com,Female,81.34.117.113
343,Boyd,Tesche,btesche9i@dmoz.org,Male,251.27.35.158
344,Konrad,Klousner,kklousner9j@virginia.edu,Male,230.230.14.94
345,Brendis,Wyant,bwyant9k@ycombinator.com,Male,136.174.9.115
346,Meara,Lynnett,mlynnett9l@google.de,Genderfluid,180.234.208.212
347,Geralda,Rochewell,grochewell9m@dion.ne.jp,Female,120.253.121.35
348,Nathanil,Giorgioni,ngiorgioni9n@tamu.edu,Male,242.209.190.221
349,Olimpia,Sieb,osieb9o@blogs.com,Female,207.249.96.82
350,Fabe,Bangs,fbangs9p@github.com,Male,141.192.7.191
351,Stan,Dagworthy,sdagworthy9q@wikia.com,Male,78.81.0.33
352,Pepita,Vanyashin,pvanyashin9r@miibeian.gov.cn,Female,148.103.232.152
353,Ninette,Tenbrug,ntenbrug9s@dedecms.com,Female,52.127.63.94
354,Monika,Livick,mlivick9t@hhs.gov,Bigender,68.70.248.39
355,Muffin,Domniney,mdomniney9u@paypal.com,Male,175.101.251.229
356,Shirlene,Bulmer,sbulmer9v@facebook.com,Female,146.222.230.25
357,Frederica,Strippel,fstrippel9w@yandex.ru,Female,111.184.67.59
358,Johnette,Ounsworth,jounsworth9x@businessweek.com,Female,33.47.42.30
359,Kylynn,Bezemer,kbezemer9y@loc.gov,Female,99.196.207.111
360,Haydon,O'Heagertie,hoheagertie9z@bbb.org,Male,120.70.237.169
361,Zaria,Isted,zisteda0@scientificamerican.com,Female,205.145.123.172
362,Gianni,Perico,gpericoa1@eepurl.com,Male,195.9.126.253
363,Raychel,Haxell,rhaxella2@eventbrite.com,Female,76.164.179.20
364,Dedie,Bloxsom,dbloxsoma3@shinystat.com,Female,125.144.151.145
365,Kass,Fero,kferoa4@discuz.net,Female,201.204.30.123
366,Zulema,Mounce,zmouncea5@accuweather.com,Female,159.158.70.115
367,Aleta,Towey,atoweya6@sogou.com,Female,152.89.86.72
368,Merrie,Kohen,mkohena7@google.ca,Female,169.18.144.191
369,Evin,Pieracci,epieraccia8@toplist.cz,Male,11.114.245.76
370,Cherye,Burras,cburrasa9@abc.net.au,Female,236.131.226.106
371,Clio,Adrienne,cadrienneaa@vkontakte.ru,Female,87.153.69.150
372,Linnea,Lamberts,llambertsab@yandex.ru,Female,19.230.218.236
373,Ines,Jaggi,ijaggiac@google.es,Female,122.129.65.106
374,Lizette,De Maine,ldemainead@istockphoto.com,Female,100.169.172.16
375,Malena,Kellick,mkellickae@businessinsider.com,Female,215.197.56.124
376,Sheila-kathryn,Cristou,scristouaf@smh.com.au,Female,43.236.53.235
377,Reade,Wudeland,rwudelandag@blinklist.com,Male,152.135.39.132
378,Chere,Philippeaux,cphilippeauxah@dion.ne.jp,Female,91.129.60.241
379,Tina,Lafayette,tlafayetteai@cargocollective.com,Female,232.82.85.154
380,Ermanno,Fomichyov,efomichyovaj@nasa.gov,Male,73.51.19.228
381,Lissy,Placide,lplacideak@noaa.gov,Female,8.237.4.85
382,Byrom,Brenneke,bbrennekeal@nsw.gov.au,Non-binary,65.248.83.133
383,Aretha,Colbridge,acolbridgeam@mlb.com,Female,245.89.49.233
384,Roscoe,Swinden,rswindenan@bluehost.com,Male,37.243.99.80
385,Sheffield,Banks,sbanksao@homestead.com,Male,47.77.69.33
386,Morgana,Wilacot,mwilacotap@yale.edu,Female,78.100.142.190
387,Jermain,Wasmer,jwasmeraq@blogger.com,Male,95.51.6.233
388,Iseabal,Calven,icalvenar@livejournal.com,Female,164.36.62.82
389,Monroe,Hoffner,mhoffneras@vistaprint.com,Male,79.125.211.174
390,Ellerey,Joscelin,ejoscelinat@list-manage.com,Male,251.173.247.240
391,Ermin,Preshous,epreshousau@ucsd.edu,Genderfluid,48.141.167.39
392,Randi,Astell,rastellav@nasa.gov,Male,62.217.54.140
393,Davida,Manie,dmanieaw@nasa.gov,Agender,125.39.254.18
394,Lucine,McEvilly,lmcevillyax@mozilla.org,Female,100.90.175.191
395,Heda,Guidera,hguideraay@facebook.com,Female,42.23.226.92
396,Eduard,Wybron,ewybronaz@so-net.ne.jp,Male,145.191.12.233
397,Valeria,Scotchforth,vscotchforthb0@go.com,Female,27.91.101.187
398,Eveleen,Bahls,ebahlsb1@quantcast.com,Female,130.172.40.129
399,Maryellen,Lermouth,mlermouthb2@bigcartel.com,Female,73.149.32.127
400,Mahmoud,Trunks,mtrunksb3@newyorker.com,Male,7.225.238.214
401,Alexa,Wharrier,awharrierb4@blogs.com,Female,135.119.186.80
402,Kaela,Wickham,kwickhamb5@noaa.gov,Female,101.111.53.17
403,Sabina,Crossfeld,scrossfeldb6@icq.com,Female,74.106.101.22
404,Currie,Howieson,chowiesonb7@ustream.tv,Male,63.121.243.22
405,Diannne,Tansley,dtansleyb8@deliciousdays.com,Female,163.144.159.49
406,Cindy,Southwood,csouthwoodb9@hubpages.com,Female,207.119.148.110
407,Clotilda,Antuk,cantukba@flickr.com,Genderfluid,241.72.91.183
408,Mureil,Pyrton,mpyrtonbb@seesaa.net,Female,146.96.206.210
409,Hyacinthie,Ludgrove,hludgrovebc@google.de,Female,89.180.195.101
410,Clerc,Devenport,cdevenportbd@nhs.uk,Polygender,141.242.176.155
411,Waldemar,Marmyon,wmarmyonbe@homestead.com,Male,113.70.72.214
412,Marilin,Stockley,mstockleybf@omniture.com,Female,205.85.158.210
413,Pamella,Martins,pmartinsbg@npr.org,Female,220.61.195.72
414,Chrissy,Berns,cbernsbh@paypal.com,Male,158.184.50.223
415,Fabe,Matiashvili,fmatiashvilibi@wordpress.org,Male,69.7.142.104
416,Theo,Cattellion,tcattellionbj@nba.com,Female,90.168.129.234
417,Leena,Balfe,lbalfebk@zimbio.com,Female,136.78.213.232
418,Charil,Vaughan,cvaughanbl@cbc.ca,Female,155.7.110.34
419,Rolfe,Dockrill,rdockrillbm@sciencedirect.com,Male,154.141.128.140
420,Yetta,Waddams,ywaddamsbn@deliciousdays.com,Female,65.222.133.201
421,Wayland,Riseam,wriseambo@jugem.jp,Male,250.72.230.148
422,Rudyard,Best,rbestbp@rediff.com,Male,135.50.49.74
423,Leona,Kingscote,lkingscotebq@histats.com,Female,208.73.200.17
424,Ruy,Dobbins,rdobbinsbr@amazon.de,Male,251.142.190.190
425,Portie,Coast,pcoastbs@merriam-webster.com,Male,195.132.168.234
426,Lynnette,Guinn,lguinnbt@geocities.com,Female,31.238.1.170
427,Arabela,Janaud,ajanaudbu@skype.com,Female,198.8.74.175
428,Maurits,Nornasell,mnornasellbv@gravatar.com,Male,48.144.136.80
429,Jefferson,Corriea,jcorrieabw@admin.ch,Male,25.176.242.252
430,Tiphani,Barkas,tbarkasbx@g.co,Female,190.125.230.17
431,Jasmin,Tappor,jtapporby@istockphoto.com,Female,219.67.131.102
432,Clemence,Le Grove,clegrovebz@simplemachines.org,Genderqueer,216.201.70.243
433,Burk,Wragg,bwraggc0@sfgate.com,Male,197.200.140.227
434,Bevan,Lester,blesterc1@redcross.org,Male,203.190.72.69
435,Anallese,Schoular,aschoularc2@flickr.com,Female,248.197.200.9
436,Evangelina,McMillan,emcmillanc3@discovery.com,Female,110.148.245.125
437,Leif,Conachy,lconachyc4@webnode.com,Male,18.98.30.22
438,Rolland,Stealy,rstealyc5@google.co.uk,Male,122.187.84.244
439,Malena,Bayns,mbaynsc6@woothemes.com,Female,136.150.70.121
440,Reidar,Heinssen,rheinssenc7@nih.gov,Male,152.206.36.213
441,Tallie,Whereat,twhereatc8@desdev.cn,Male,64.197.17.132
442,Sancho,Maurice,smauricec9@bloglovin.com,Non-binary,131.250.24.236
443,Georgy,Waleran,gwaleranca@nifty.com,Polygender,73.162.208.74
444,Rick,Caukill,rcaukillcb@scientificamerican.com,Male,4.162.174.105
445,Aeriela,Dorken,adorkencc@sakura.ne.jp,Female,116.136.55.189
446,Camellia,Meddick,cmeddickcd@cnbc.com,Female,195.1.42.92
447,Karoline,Cicchitello,kcicchitelloce@ask.com,Female,20.65.66.49
448,Braden,Shorland,bshorlandcf@live.com,Male,224.115.227.180
449,Jarid,Sneller,jsnellercg@skype.com,Male,139.80.113.195
450,Garold,Rowth,growthch@topsy.com,Male,99.92.193.214
451,Helge,Killingworth,hkillingworthci@umich.edu,Female,252.152.7.151
452,Clarette,Abramovitz,cabramovitzcj@opera.com,Female,101.14.247.92
453,Barbie,Ensley,bensleyck@1und1.de,Female,104.209.226.208
454,Garald,Lowman,glowmancl@merriam-webster.com,Male,237.144.42.9
455,Beltran,McCague,bmccaguecm@jalbum.net,Male,34.239.158.237
456,Verge,Simmon,vsimmoncn@ask.com,Male,38.238.121.84
457,Rosaleen,Swaisland,rswaislandco@wikipedia.org,Female,159.228.108.130
458,Weston,Jockle,wjocklecp@cam.ac.uk,Male,37.145.102.219
459,Juliana,Broddle,jbroddlecq@army.mil,Female,157.177.72.108
460,Carson,Lowdyane,clowdyanecr@narod.ru,Male,73.174.251.200
461,Vita,Girton,vgirtoncs@jiathis.com,Female,78.187.120.25
462,Berri,Niblo,bnibloct@smh.com.au,Female,113.149.213.191
463,Berenice,MacTrusty,bmactrustycu@toplist.cz,Female,204.46.134.13
464,Odelia,Spreag,ospreagcv@comcast.net,Female,11.202.222.26
465,Dorie,Beiderbeck,dbeiderbeckcw@imageshack.us,Female,231.197.150.76
466,Ian,Scorthorne,iscorthornecx@wikispaces.com,Male,162.134.61.227
467,Debee,Carryer,dcarryercy@noaa.gov,Female,197.72.53.88
468,Marten,Palfrey,mpalfreycz@nifty.com,Male,149.93.19.146
469,Brody,Colcomb,bcolcombd0@cnn.com,Male,3.126.201.141
470,Sheila-kathryn,Kures,skuresd1@merriam-webster.com,Female,212.139.73.1
471,Grover,Youd,gyoudd2@arizona.edu,Male,3.183.95.164
472,Fredrick,Coutts,fcouttsd3@reddit.com,Male,99.158.169.17
473,Milty,Boase,mboased4@archive.org,Male,239.157.77.214
474,Stanislaus,Krebs,skrebsd5@ox.ac.uk,Male,114.180.90.102
475,Deeanne,Brunsen,dbrunsend6@networksolutions.com,Female,28.116.117.192
476,Obadias,Tully,otullyd7@skyrock.com,Male,210.193.108.53
477,Clay,Purser,cpurserd8@mozilla.com,Male,243.190.171.36
478,Myrta,Doggart,mdoggartd9@ed.gov,Female,26.46.166.125
479,Douglas,Idiens,didiensda@acquirethisname.com,Male,114.65.50.128
480,Elisabetta,Abbitt,eabbittdb@lycos.com,Female,139.102.252.233
481,Seumas,Pietesch,spieteschdc@amazon.co.uk,Male,77.35.127.6
482,Verne,Clery,vclerydd@pcworld.com,Male,18.103.29.223
483,Ewell,Parrett,eparrettde@people.com.cn,Male,4.189.150.232
484,Korella,Di Batista,kdibatistadf@mtv.com,Female,74.233.188.175
485,Franny,Di Pietro,fdipietrodg@ifeng.com,Polygender,50.86.101.147
486,Yolanthe,Usmar,yusmardh@1688.com,Female,179.44.107.107
487,Ki,Wight,kwightdi@yale.edu,Female,11.120.243.254
488,Charles,Knight,cknightdj@bandcamp.com,Male,105.142.115.164
489,Dana,Beachem,dbeachemdk@php.net,Male,251.20.156.1
490,Sue,Creech,screechdl@youku.com,Female,74.137.219.26
491,Kathleen,Duckels,kduckelsdm@youtu.be,Female,37.49.221.4
492,Lizabeth,Hackley,lhackleydn@loc.gov,Female,224.87.129.85
493,Candide,Pluvier,cpluvierdo@sohu.com,Female,199.60.29.19
494,Saul,Boord,sboorddp@chicagotribune.com,Male,1.108.208.248
495,Theadora,Wake,twakedq@indiegogo.com,Female,32.83.46.145
496,Daniela,Moriarty,dmoriartydr@msu.edu,Female,167.122.179.3
497,Sander,Cominello,scominellods@nytimes.com,Male,255.108.185.53
498,Natassia,Roote,nrootedt@blogspot.com,Female,184.128.206.70
499,Jonathon,Bohan,jbohandu@chicagotribune.com,Male,195.236.161.249
500,Delly,Kincaid,dkincaiddv@huffingtonpost.com,Female,210.225.248.116
501,Garik,Shaefer,gshaeferdw@privacy.gov.au,Male,197.29.67.183
502,Vita,Budnik,vbudnikdx@apple.com,Female,8.223.221.234
503,Nathanial,Tungay,ntungaydy@php.net,Male,175.229.147.35
504,Romeo,Edsell,redselldz@prweb.com,Male,85.75.213.216
505,Hughie,Scarse,hscarsee0@booking.com,Male,32.128.116.50
506,Dodie,Ashwin,dashwine1@imdb.com,Female,232.42.193.19
507,Brittni,Laguerre,blaguerree2@topsy.com,Female,36.65.157.118
508,Kienan,Gianneschi,kgianneschie3@usa.gov,Male,225.251.75.200
509,Charmion,Castagne,ccastagnee4@yellowbook.com,Female,77.171.135.185
510,Celia,Haw,chawe5@mayoclinic.com,Female,233.233.72.189
511,Archibold,Torresi,atorresie6@google.fr,Male,15.16.46.13
512,Ellen,Hungerford,ehungerforde7@domainmarket.com,Female,6.166.74.199
513,Jeralee,Brodest,jbrodeste8@un.org,Genderfluid,13.95.181.196
514,Penny,Roome,proomee9@quantcast.com,Male,143.185.91.247
515,Tracy,Greim,tgreimea@quantcast.com,Male,71.162.206.144
516,Aldric,Joire,ajoireeb@vistaprint.com,Male,27.232.58.189
517,Darya,Brogioni,dbrogioniec@nba.com,Female,234.75.15.30
518,Onfre,Gething,ogethinged@telegraph.co.uk,Male,75.4.93.41
519,Fabe,Boarder,fboarderee@pbs.org,Male,189.105.106.58
520,Mureil,Grassin,mgrassinef@usa.gov,Female,198.167.119.74
521,Catriona,McAnulty,cmcanultyeg@google.ca,Female,21.125.146.123
522,Rodolfo,Alven,ralveneh@noaa.gov,Male,254.222.24.206
523,Hadley,Rosborough,hrosboroughei@disqus.com,Male,21.161.136.119
524,Archambault,Biddy,abiddyej@indiegogo.com,Genderqueer,5.9.102.160
525,Mirabella,Laugharne,mlaugharneek@spotify.com,Female,197.72.180.83
526,Margarita,Kibard,mkibardel@privacy.gov.au,Female,121.143.94.38
527,Lynnelle,Chinnock,lchinnockem@answers.com,Female,135.68.229.112
528,Madlin,Reolfi,mreolfien@gnu.org,Genderfluid,157.61.151.216
529,Charmaine,Wiggall,cwiggalleo@washington.edu,Female,250.102.4.222
530,Johanna,Poles,jpolesep@cyberchimps.com,Female,26.148.237.176
531,Teodora,Sworder,tswordereq@dailymotion.com,Female,73.234.240.62
532,Khalil,Raiment,kraimenter@yahoo.com,Male,30.119.248.86
533,Yoshiko,McNalley,ymcnalleyes@sakura.ne.jp,Female,203.128.45.171
534,Hasheem,Reimer,hreimeret@apple.com,Polygender,159.32.114.133
535,Elora,Tanzer,etanzereu@adobe.com,Female,82.143.75.74
536,Jeffrey,Staning,jstaningev@friendfeed.com,Male,117.54.211.52
537,Mireielle,Reade,mreadeew@biblegateway.com,Bigender,253.139.205.211
538,Augie,Whiteman,awhitemanex@geocities.com,Male,121.165.223.237
539,Lydia,Jollie,ljollieey@cpanel.net,Female,229.148.243.181
540,Lilllie,Whysall,lwhysallez@etsy.com,Female,201.12.107.237
541,Henka,Ivashkov,hivashkovf0@webs.com,Agender,207.159.148.151
542,Valma,Gormally,vgormallyf1@chronoengine.com,Female,54.125.15.101
543,Vivienne,Farenden,vfarendenf2@smugmug.com,Agender,223.82.122.18
544,Conrade,Bossom,cbossomf3@sfgate.com,Male,162.126.97.238
545,Van,Souch,vsouchf4@theglobeandmail.com,Male,140.223.42.126
546,Beauregard,Munning,bmunningf5@usa.gov,Male,60.117.70.5
547,Caro,Grimoldby,cgrimoldbyf6@redcross.org,Female,36.101.4.44
548,Rich,Armsden,rarmsdenf7@nhs.uk,Male,124.51.140.16
549,Alonso,Ortler,aortlerf8@so-net.ne.jp,Male,77.82.161.24
550,Inessa,Beaty,ibeatyf9@hhs.gov,Female,60.62.32.53
551,Elvera,Queree,equereefa@unc.edu,Female,56.20.72.86
552,Elvera,Godden,egoddenfb@woothemes.com,Female,215.10.54.131
553,Ethelyn,McDuffie,emcduffiefc@phpbb.com,Female,119.67.41.4
554,Eimile,Mettricke,emettrickefd@yolasite.com,Polygender,42.174.165.117
555,Timmie,Yakebowitch,tyakebowitchfe@example.com,Female,68.109.67.48
556,Deborah,McLarnon,dmclarnonff@skype.com,Non-binary,203.136.174.215
557,Daune,Fearenside,dfearensidefg@ucoz.com,Female,107.66.160.216
558,Dalli,Obert,dobertfh@yelp.com,Male,122.54.122.171
559,Nev,Caudelier,ncaudelierfi@netvibes.com,Male,168.229.68.250
560,Ricky,Toe,rtoefj@ebay.com,Male,235.61.181.127
561,Connor,Timeby,ctimebyfk@sina.com.cn,Male,119.130.146.228
562,Hercule,Canto,hcantofl@jalbum.net,Male,225.196.88.108
563,Ricca,Blenkhorn,rblenkhornfm@360.cn,Female,82.227.90.138
564,Chere,Greenan,cgreenanfn@flickr.com,Genderqueer,65.161.72.141
565,Maddalena,Varnes,mvarnesfo@amazon.de,Female,244.79.64.220
566,Giles,Kellar,gkellarfp@ycombinator.com,Male,191.174.221.220
567,Mortie,Woodier,mwoodierfq@wikia.com,Male,190.33.196.65
568,Austen,Moorhouse,amoorhousefr@quantcast.com,Male,239.18.242.22
569,Mel,Woodroffe,mwoodroffefs@topsy.com,Female,40.126.75.101
570,Huntlee,Fargher,hfargherft@cbsnews.com,Male,26.56.45.94
571,Jere,Baxstair,jbaxstairfu@cdbaby.com,Male,210.208.85.184
572,Davidson,McVitie,dmcvitiefv@ibm.com,Male,187.208.47.81
573,Lucius,Arderne,lardernefw@google.co.uk,Male,198.163.32.24
574,Rozina,Wloch,rwlochfx@admin.ch,Female,159.143.188.184
575,Annis,Whiten,awhitenfy@ning.com,Female,168.131.236.122
576,Gonzales,Nesbeth,gnesbethfz@google.fr,Male,180.90.203.64
577,Renelle,Duxbarry,rduxbarryg0@upenn.edu,Female,165.12.184.28
578,Chancey,Levin,cleving1@sbwire.com,Male,143.66.172.113
579,Reuven,Chesher,rchesherg2@xing.com,Male,79.15.41.40
580,Katherina,Tubritt,ktubrittg3@google.fr,Non-binary,59.36.74.122
581,Gwyneth,Wagstaff,gwagstaffg4@bbb.org,Female,183.228.225.88
582,Rici,Wellen,rwelleng5@businesswire.com,Genderqueer,185.11.240.75
583,Blaire,Arrundale,barrundaleg6@auda.org.au,Female,192.228.35.46
584,Jermayne,Bier,jbierg7@earthlink.net,Male,32.11.245.2
585,Elspeth,Bevens,ebevensg8@networksolutions.com,Female,173.20.182.251
586,Midge,Galvin,mgalving9@geocities.com,Female,99.141.6.69
587,Ryley,Pinor,rpinorga@youtu.be,Male,130.192.221.40
588,Ottilie,Sotheby,osothebygb@bloomberg.com,Female,53.184.0.9
589,Herta,Moston,hmostongc@usa.gov,Female,102.94.110.152
590,Rutger,Sier,rsiergd@loc.gov,Male,94.239.127.81
591,Minnnie,Londesborough,mlondesboroughge@purevolume.com,Female,125.68.246.153
592,Rhianna,Hourican,rhouricangf@state.gov,Bigender,227.197.137.145
593,Emmery,Ruegg,eruegggg@japanpost.jp,Male,199.25.197.167
594,Rana,Record,rrecordgh@newyorker.com,Female,8.249.49.230
595,Torey,Lube,tlubegi@ihg.com,Female,94.15.227.241
596,Emerson,McIlvoray,emcilvoraygj@dell.com,Male,67.121.95.61
597,Arri,Gudahy,agudahygk@google.fr,Male,16.52.121.106
598,Batholomew,Filippov,bfilippovgl@ameblo.jp,Male,35.243.123.121
599,Saxe,Spenton,sspentongm@apple.com,Male,15.26.213.31
600,Florina,Van Der Walt,fvanderwaltgn@bloglovin.com,Female,203.98.0.124
601,Henryetta,Gillice,hgillicego@rambler.ru,Female,51.151.28.145
602,Florette,Vina,fvinagp@cisco.com,Female,113.172.238.207
603,Kareem,O'Shesnan,koshesnangq@flickr.com,Male,180.34.131.185
604,Bert,Penberthy,bpenberthygr@techcrunch.com,Female,176.12.87.192
605,Sonia,Malkie,smalkiegs@economist.com,Female,135.37.176.103
606,Bettye,Pallister,bpallistergt@360.cn,Female,136.184.239.42
607,Tildi,Shufflebotham,tshufflebothamgu@utexas.edu,Female,203.227.50.42
608,Aurea,Betun,abetungv@wikipedia.org,Female,162.4.220.97
609,Gilbert,Stolle,gstollegw@merriam-webster.com,Male,65.93.67.226
610,Ronalda,Etoile,retoilegx@php.net,Female,189.18.89.51
611,Kristian,Breache,kbreachegy@epa.gov,Male,74.121.69.209
612,Annmarie,Firpo,afirpogz@miitbeian.gov.cn,Female,203.91.111.174
613,Judah,Gwillim,jgwillimh0@earthlink.net,Male,130.255.196.23
614,Jerrilyn,Davet,jdaveth1@smh.com.au,Female,6.55.158.52
615,Irma,Romans,iromansh2@whitehouse.gov,Non-binary,78.105.162.201
616,Anissa,Karlik,akarlikh3@dedecms.com,Agender,59.94.149.99
617,Klarrisa,Bocke,kbockeh4@amazon.com,Female,38.160.48.50
618,Andrea,Rubert,aruberth5@mediafire.com,Female,222.243.160.194
619,Shellysheldon,Scramage,sscramageh6@ihg.com,Male,114.2.127.163
620,Oneida,Culp,oculph7@theglobeandmail.com,Genderqueer,17.181.185.112
621,Paquito,Wilsone,pwilsoneh8@g.co,Male,167.65.98.158
622,Hannah,Philimore,hphilimoreh9@hugedomains.com,Female,250.30.229.252
623,Ring,Hollyland,rhollylandha@dagondesign.com,Male,131.253.131.22
624,Katheryn,Aers,kaershb@state.tx.us,Female,79.94.53.224
625,Ruttger,Jaye,rjayehc@yelp.com,Male,232.160.3.56
626,Perkin,Bruhn,pbruhnhd@fema.gov,Male,124.53.246.24
627,Rodi,Tebbett,rtebbetthe@cbsnews.com,Female,67.148.121.124
628,Holmes,Wheaton,hwheatonhf@odnoklassniki.ru,Male,109.111.252.80
629,Sondra,Zanolli,szanollihg@discuz.net,Female,196.166.43.244
630,Catharine,Lortzing,clortzinghh@netscape.com,Female,144.2.66.224
631,Fabien,Klimentyonok,fklimentyonokhi@sakura.ne.jp,Male,247.150.106.139
632,Tabbi,Laurant,tlauranthj@tripadvisor.com,Female,164.75.24.33
633,Devonna,Rugiero,drugierohk@google.co.uk,Female,198.143.43.65
634,Rosemonde,McCarry,rmccarryhl@sitemeter.com,Female,26.62.80.77
635,Gabby,Gomme,ggommehm@360.cn,Male,97.18.175.190
636,Grannie,Bussetti,gbussettihn@technorati.com,Male,161.130.158.249
637,Amabel,Mowday,amowdayho@webmd.com,Female,248.212.14.52
638,Vitoria,Drinkale,vdrinkalehp@gmpg.org,Female,47.228.61.207
639,Jeanie,Vuitte,jvuittehq@cnn.com,Genderqueer,54.173.201.71
640,Carlynn,Moreman,cmoremanhr@usa.gov,Polygender,44.179.103.240
641,Minnaminnie,Diviney,mdivineyhs@unblog.fr,Female,54.60.105.11
642,Man,Casetta,mcasettaht@google.nl,Male,254.101.215.165
643,Kin,Harroway,kharrowayhu@hostgator.com,Male,253.88.34.89
644,Neall,Curlis,ncurlishv@wikispaces.com,Male,162.204.195.43
645,Pancho,Messam,pmessamhw@deviantart.com,Male,76.160.86.174
646,Effie,Biesty,ebiestyhx@msn.com,Female,79.122.202.242
647,Marcellus,McCambridge,mmccambridgehy@unblog.fr,Male,96.201.54.178
648,Joice,Deluze,jdeluzehz@linkedin.com,Female,147.41.33.88
649,Giacopo,Alan,galani0@comsenz.com,Male,173.245.221.227
650,Juieta,Aaronsohn,jaaronsohni1@npr.org,Female,190.46.123.144
651,Ashia,Ensor,aensori2@list-manage.com,Female,81.197.64.148
652,Judi,Lyttle,jlyttlei3@dyndns.org,Female,176.60.84.155
653,Annabelle,McGauhy,amcgauhyi4@whitehouse.gov,Genderqueer,229.141.140.165
654,Jolee,Botham,jbothami5@bbb.org,Non-binary,120.83.55.247
655,Daveta,Copes,dcopesi6@constantcontact.com,Bigender,251.70.173.100
656,Henrietta,Sylvaine,hsylvainei7@squarespace.com,Female,74.127.104.90
657,Benny,Rugge,bruggei8@timesonline.co.uk,Male,1.55.104.148
658,Sergent,Peltz,speltzi9@ucla.edu,Male,27.220.161.97
659,Rozelle,Annell,rannellia@mashable.com,Bigender,192.95.112.24
660,Natale,Rimington,nrimingtonib@1und1.de,Male,97.68.172.211
661,Clevey,Meighan,cmeighanic@irs.gov,Male,199.252.91.52
662,Jermain,Janak,jjanakid@sfgate.com,Male,238.220.228.180
663,Bernadine,Kesterton,bkestertonie@addtoany.com,Female,195.136.25.194
664,Clarissa,Sutterby,csutterbyif@purevolume.com,Bigender,172.230.82.185
665,Meredeth,Hodcroft,mhodcroftig@wikimedia.org,Male,102.195.132.141
666,Cecelia,Mountjoy,cmountjoyih@github.com,Female,160.48.223.106
667,Erinn,Dungate,edungateii@cloudflare.com,Female,17.57.235.107
668,Carleton,Rickets,cricketsij@cdc.gov,Male,226.31.155.83
669,Malena,Rohan,mrohanik@mtv.com,Female,113.121.152.78
670,Godard,Davidov,gdavidovil@wired.com,Male,49.203.210.225
671,Saundra,Lippett,slippettim@ihg.com,Female,240.157.83.90
672,Brendan,Gabbett,bgabbettin@oaic.gov.au,Male,151.110.159.166
673,Skipper,Castell,scastellio@storify.com,Male,138.108.242.9
674,Averil,Purkis,apurkisip@shop-pro.jp,Female,18.172.54.137
675,Cheslie,Plain,cplainiq@samsung.com,Female,66.225.109.69
676,Marget,Smeed,msmeedir@rambler.ru,Female,193.69.190.205
677,Bradan,Greensmith,bgreensmithis@friendfeed.com,Male,21.199.85.41
678,Roscoe,Margeram,rmargeramit@usda.gov,Male,254.15.141.19
679,Gav,Royse,groyseiu@noaa.gov,Male,30.62.121.211
680,Colin,Malby,cmalbyiv@nps.gov,Male,183.156.252.28
681,Byrann,Creffield,bcreffieldiw@ihg.com,Male,115.31.56.204
682,Colette,Moorey,cmooreyix@simplemachines.org,Female,55.55.27.180
683,Howie,Paszek,hpaszekiy@g.co,Male,70.189.5.222
684,Massimiliano,Adrain,madrainiz@engadget.com,Male,178.84.133.111
685,Christophe,Flode,cflodej0@army.mil,Male,225.11.157.150
686,Everett,Daddow,edaddowj1@edublogs.org,Male,170.87.197.184
687,Niki,Hayfield,nhayfieldj2@smugmug.com,Male,47.150.184.248
688,Meredeth,Clarson,mclarsonj3@blog.com,Male,92.197.119.79
689,Halsey,Robic,hrobicj4@usa.gov,Male,115.189.219.62
690,Luciano,Brinded,lbrindedj5@oakley.com,Male,50.25.176.249
691,Peadar,Beardwell,pbeardwellj6@wired.com,Male,22.52.224.37
692,Lory,Barhims,lbarhimsj7@booking.com,Female,131.88.182.26
693,Aldis,Gothliff,agothliffj8@t-online.de,Male,100.120.181.52
694,Justis,Santora,jsantoraj9@wiley.com,Male,167.120.173.14
695,Waite,Aldersea,walderseaja@skype.com,Male,45.100.24.200
696,Gardy,Smalls,gsmallsjb@cpanel.net,Male,12.84.194.72
697,Hussein,Beaton,hbeatonjc@weather.com,Male,49.62.55.117
698,Jamal,Sadlier,jsadlierjd@yandex.ru,Male,239.53.102.21
699,Shane,Huttley,shuttleyje@theguardian.com,Male,219.185.139.96
700,Jorry,Bixley,jbixleyjf@slashdot.org,Female,248.156.208.40
701,Jacky,Wagstaffe,jwagstaffejg@vkontakte.ru,Female,192.160.8.60
702,Ilise,Kalberer,ikalbererjh@gnu.org,Female,184.179.201.42
703,Dill,Dunlap,ddunlapji@google.fr,Male,125.97.39.201
704,Hort,Cawdery,hcawderyjj@dropbox.com,Male,135.237.2.78
705,Danella,Tomik,dtomikjk@bluehost.com,Female,252.182.128.245
706,Amandie,Burth,aburthjl@yahoo.com,Female,245.215.90.82
707,Meta,McKeowon,mmckeowonjm@ucsd.edu,Female,144.73.124.232
708,Clark,MacTerlagh,cmacterlaghjn@360.cn,Male,171.108.143.125
709,Cesaro,Mussettini,cmussettinijo@tripadvisor.com,Male,98.202.174.168
710,Nanni,Corking,ncorkingjp@chron.com,Female,96.158.70.24
711,Virginie,Mathieson,vmathiesonjq@irs.gov,Female,132.107.48.232
712,Bay,Stanworth,bstanworthjr@lycos.com,Male,123.77.35.240
713,Forster,Brouard,fbrouardjs@github.com,Male,131.101.170.52
714,Roselle,Choules,rchoulesjt@mac.com,Female,151.0.205.6
715,Finley,Hulk,fhulkju@upenn.edu,Polygender,126.2.241.134
716,Pepe,Dessaur,pdessaurjv@accuweather.com,Male,85.255.143.251
717,Hy,Prickett,hprickettjw@sina.com.cn,Male,87.106.229.245
718,Brigitte,Witham,bwithamjx@yelp.com,Female,81.7.235.94
719,Irma,Pentycost,ipentycostjy@symantec.com,Female,234.145.237.87
720,Kamillah,Phillcock,kphillcockjz@people.com.cn,Female,80.44.201.254
721,Latia,Zute,lzutek0@nymag.com,Female,47.39.107.78
722,Clementia,Dyne,cdynek1@yahoo.co.jp,Female,66.54.219.101
723,Meade,Illing,millingk2@e-recht24.de,Female,130.223.194.42
724,Borden,McKeown,bmckeownk3@foxnews.com,Male,165.155.57.169
725,Vanna,Villa,vvillak4@blogger.com,Female,206.43.121.152
726,Vince,McLenaghan,vmclenaghank5@nyu.edu,Male,161.169.65.198
727,Verena,McGuckin,vmcguckink6@mysql.com,Bigender,239.129.9.88
728,Freddie,Van der Hoeven,fvanderhoevenk7@cnbc.com,Female,208.28.71.88
729,Eudora,Iwanowski,eiwanowskik8@1688.com,Female,39.164.120.51
730,Harrie,Kinvan,hkinvank9@pinterest.com,Female,76.248.170.174
731,Janice,Satterthwaite,jsatterthwaiteka@alexa.com,Female,22.242.108.49
732,Marina,Speechley,mspeechleykb@pbs.org,Female,137.111.29.169
733,Reilly,Oxlee,roxleekc@senate.gov,Male,126.15.88.112
734,Christy,Kineton,ckinetonkd@google.es,Male,242.45.64.73
735,Reggy,Kasperski,rkasperskike@paginegialle.it,Male,201.158.211.94
736,Gabriella,Venables,gvenableskf@elpais.com,Female,114.171.160.208
737,Miltie,Nuttall,mnuttallkg@plala.or.jp,Non-binary,250.94.203.185
738,Conan,Stephen,cstephenkh@biglobe.ne.jp,Male,217.129.171.80
739,Esra,Alpes,ealpeski@home.pl,Male,18.221.252.60
740,Emile,Labern,elabernkj@europa.eu,Male,50.123.182.104
741,Nady,Dominguez,ndominguezkk@microsoft.com,Female,18.31.218.102
742,Tish,Pizey,tpizeykl@cnet.com,Genderqueer,165.183.98.11
743,Steward,Graffham,sgraffhamkm@1688.com,Male,123.237.90.82
744,Kenneth,Klejin,kklejinkn@sogou.com,Male,29.253.155.34
745,Kirby,Tollit,ktollitko@xrea.com,Male,59.180.187.113
746,Giovanna,McKeeman,gmckeemankp@mapy.cz,Genderqueer,224.70.24.199
747,Sterne,Jachimak,sjachimakkq@topsy.com,Male,21.3.250.246
748,Bevin,Draycott,bdraycottkr@squarespace.com,Male,43.0.75.49
749,Mile,Ferby,mferbyks@globo.com,Male,73.128.251.77
750,Walton,Fulford,wfulfordkt@ifeng.com,Male,222.116.115.85
751,Edy,McFayden,emcfaydenku@lulu.com,Female,58.134.53.142
752,Jonell,McArthur,jmcarthurkv@nytimes.com,Genderqueer,142.203.238.200
753,Emmye,Halsted,ehalstedkw@privacy.gov.au,Female,219.2.10.242
754,Cullen,Blake,cblakekx@yelp.com,Male,21.135.225.64
755,Hayes,Sebire,hsebireky@hp.com,Male,143.250.77.156
756,Cassey,Butterfield,cbutterfieldkz@huffingtonpost.com,Female,203.55.129.214
757,Domenico,Pardey,dpardeyl0@google.de,Male,19.21.46.5
758,Alvin,Sadd,asaddl1@auda.org.au,Bigender,209.107.6.71
759,Grover,Slobom,gsloboml2@jimdo.com,Male,138.198.12.140
760,Mina,Ramos,mramosl3@apple.com,Female,102.226.58.110
761,Quentin,Revington,qrevingtonl4@uiuc.edu,Male,233.113.194.238
762,Lishe,Mower,lmowerl5@godaddy.com,Female,220.104.114.35
763,Ty,Derrington,tderringtonl6@nydailynews.com,Male,192.195.72.81
764,Jorgan,Symondson,jsymondsonl7@liveinternet.ru,Agender,77.186.237.69
765,Hervey,Strelitz,hstrelitzl8@facebook.com,Male,56.135.70.139
766,Daron,Cardow,dcardowl9@addtoany.com,Female,27.0.198.61
767,Rriocard,Van Geffen,rvangeffenla@gizmodo.com,Male,67.242.61.101
768,Lorene,Vlies,lvlieslb@ihg.com,Female,11.143.52.131
769,Phillida,Willmore,pwillmorelc@auda.org.au,Female,177.166.252.28
770,Elora,Gabbetis,egabbetisld@blog.com,Female,36.229.204.106
771,Vick,Thompstone,vthompstonele@jiathis.com,Male,134.98.149.200
772,Jedediah,Allport,jallportlf@joomla.org,Male,244.193.85.24
773,Norrie,Dilworth,ndilworthlg@t-online.de,Female,6.165.144.129
774,Jsandye,Boyne,jboynelh@whitehouse.gov,Female,210.107.195.97
775,Addy,Vennard,avennardli@ucsd.edu,Male,65.240.5.114
776,Conrad,McCuthais,cmccuthaislj@google.co.jp,Male,21.224.40.91
777,Demetre,Juster,djusterlk@nasa.gov,Male,84.158.254.198
778,Eba,Rubinowitz,erubinowitzll@tripod.com,Female,81.237.34.220
779,Robby,Heintz,rheintzlm@eepurl.com,Male,144.87.66.242
780,Nolana,Berford,nberfordln@behance.net,Female,203.76.83.207
781,Sara,Humpherson,shumphersonlo@ted.com,Female,255.83.129.23
782,Irena,Levene,ilevenelp@utexas.edu,Female,108.96.8.115
783,Lay,Pitcher,lpitcherlq@senate.gov,Male,15.135.110.127
784,Bendick,Bicknell,bbicknelllr@people.com.cn,Male,42.195.44.87
785,Jarvis,Lownes,jlownesls@123-reg.co.uk,Male,63.17.150.73
786,Sibelle,Tydeman,stydemanlt@g.co,Female,74.151.28.36
787,Mickie,MacLese,mmacleselu@buzzfeed.com,Male,70.254.207.235
788,Nichole,Roseman,nrosemanlv@sakura.ne.jp,Female,246.90.248.154
789,Gregorio,Kitchenman,gkitchenmanlw@comsenz.com,Male,108.135.239.102
790,Merci,Varnes,mvarneslx@privacy.gov.au,Female,82.71.211.250
791,Sal,Nawton,snawtonly@howstuffworks.com,Female,28.228.30.153
792,Georgeanne,Eteen,geteenlz@pbs.org,Female,224.34.76.96
793,Lane,Barrs,lbarrsm0@twitpic.com,Male,198.159.243.51
794,Virgie,Jirasek,vjirasekm1@cyberchimps.com,Female,189.163.95.96
795,Marshal,Florez,mflorezm2@weibo.com,Male,186.77.8.108
796,Norton,Kinnon,nkinnonm3@ucsd.edu,Male,43.193.126.111
797,Mata,Willoughby,mwilloughbym4@oakley.com,Male,81.87.168.39
798,Jolyn,Leinweber,jleinweberm5@edublogs.org,Female,76.251.255.149
799,Etienne,Lufkin,elufkinm6@upenn.edu,Male,190.125.235.48
800,Ethan,Richarson,ericharsonm7@bloglines.com,Male,98.93.75.241
801,Adolphe,Eivers,aeiversm8@google.co.jp,Male,205.197.179.47
802,Katinka,Sannes,ksannesm9@whitehouse.gov,Female,198.87.96.50
803,Jada,Hinrichs,jhinrichsma@fc2.com,Female,206.4.177.137
804,Prudence,Milton,pmiltonmb@over-blog.com,Female,188.35.52.1
805,Dinah,Sheppey,dsheppeymc@nbcnews.com,Female,115.220.148.139
806,Hollyanne,Idney,hidneymd@answers.com,Female,252.7.224.27
807,Siffre,Waistall,swaistallme@virginia.edu,Male,205.215.134.223
808,Stern,Pitbladdo,spitbladdomf@freewebs.com,Male,207.48.197.136
809,Noel,Arkill,narkillmg@smh.com.au,Female,100.53.105.167
810,Carina,Harefoot,charefootmh@whitehouse.gov,Female,183.70.146.122
811,Sutherlan,Kuhwald,skuhwaldmi@reddit.com,Male,189.76.204.37
812,Clyde,Dudding,cduddingmj@ft.com,Male,254.91.134.175
813,Benedikt,Orchart,borchartmk@cbc.ca,Male,6.164.76.22
814,Wandie,Gaylard,wgaylardml@squarespace.com,Female,157.2.225.134
815,Jermain,Kyd,jkydmm@reuters.com,Agender,117.185.111.21
816,Abram,De Coursey,adecourseymn@apache.org,Male,181.48.189.19
817,Mar,Elderbrant,melderbrantmo@tuttocitta.it,Male,104.133.112.225
818,Kelsey,Burgan,kburganmp@issuu.com,Male,77.213.190.76
819,Alfy,Portriss,aportrissmq@independent.co.uk,Male,152.76.216.250
820,Hilarius,Philipeaux,hphilipeauxmr@theguardian.com,Male,239.87.212.80
821,Sterne,Sustin,ssustinms@constantcontact.com,Male,25.208.185.17
822,Brena,Eastwood,beastwoodmt@yahoo.com,Female,15.143.248.57
823,Lauretta,Hardiker,lhardikermu@auda.org.au,Female,44.108.134.17
824,Jasper,Ginni,jginnimv@cocolog-nifty.com,Male,157.9.144.132
825,Zebulon,Corthes,zcorthesmw@domainmarket.com,Male,132.151.123.157
826,Gerry,Bridson,gbridsonmx@goodreads.com,Male,236.80.243.158
827,Maude,Kovnot,mkovnotmy@symantec.com,Female,228.1.153.249
828,Christophe,Ioannou,cioannoumz@bbc.co.uk,Male,141.47.126.10
829,Pebrook,Walkling,pwalklingn0@friendfeed.com,Male,231.76.203.241
830,Fifine,Morfett,fmorfettn1@auda.org.au,Female,89.185.214.76
831,Mel,Faircliffe,mfaircliffen2@altervista.org,Female,53.105.219.242
832,Titus,O'Gleasane,togleasanen3@washingtonpost.com,Male,188.229.7.128
833,Amity,Biskupiak,abiskupiakn4@t.co,Female,206.105.174.194
834,Winfred,Francesco,wfrancescon5@usa.gov,Male,246.68.247.26
835,Laurent,Pipet,lpipetn6@cbc.ca,Male,134.254.232.126
836,Cole,Spalding,cspaldingn7@usa.gov,Male,146.81.141.187
837,Reamonn,Lunt,rluntn8@deliciousdays.com,Male,183.43.247.104
838,Lisa,Howse,lhowsen9@jimdo.com,Female,84.198.233.92
839,Haskel,Buxsey,hbuxseyna@xinhuanet.com,Polygender,22.174.218.86
840,Ericka,Preskett,epreskettnb@wikimedia.org,Female,139.176.12.153
841,Shelli,Pinckard,spinckardnc@lulu.com,Female,29.167.96.23
842,Stepha,Roobottom,sroobottomnd@economist.com,Female,203.55.74.105
843,Blancha,Krolman,bkrolmanne@g.co,Female,91.162.46.11
844,Verine,Costello,vcostellonf@google.it,Female,87.193.206.195
845,Roseanna,MacCaffery,rmaccafferyng@arstechnica.com,Female,125.11.83.183
846,Bennett,Toyne,btoynenh@whitehouse.gov,Male,167.234.209.97
847,Ortensia,Busby,obusbyni@surveymonkey.com,Female,165.224.82.208
848,Egor,Ortelt,eorteltnj@digg.com,Male,189.225.252.61
849,Jasun,Gapper,jgappernk@samsung.com,Male,85.16.4.226
850,Pablo,Noone,pnoonenl@globo.com,Genderfluid,111.221.207.203
851,Darrin,Whittet,dwhittetnm@psu.edu,Male,199.217.173.108
852,Sondra,Mair,smairnn@ftc.gov,Female,194.242.142.217
853,Ninette,Makinson,nmakinsonno@irs.gov,Female,183.146.221.125
854,Devondra,Degoey,ddegoeynp@quantcast.com,Female,86.26.89.66
855,Sterling,Osbaldeston,sosbaldestonnq@utexas.edu,Male,157.116.67.129
856,Brewer,O'Connolly,boconnollynr@miitbeian.gov.cn,Male,126.163.88.134
857,Payton,Huggons,phuggonsns@fastcompany.com,Male,243.157.241.225
858,Valentine,Ottey,votteynt@tamu.edu,Polygender,94.74.60.20
859,Val,Oldaker,voldakernu@vinaora.com,Male,8.165.217.129
860,Antonio,Fogel,afogelnv@ucoz.com,Genderqueer,79.93.102.20
861,Estevan,Darrington,edarringtonnw@deliciousdays.com,Male,75.141.14.222
862,Chad,Snasdell,csnasdellnx@amazon.com,Male,158.12.220.168
863,Madalena,Staterfield,mstaterfieldny@latimes.com,Female,124.45.162.61
864,Shannon,Haugen,shaugennz@ucsd.edu,Female,83.45.53.178
865,Mikol,Bruff,mbruffo0@barnesandnoble.com,Male,34.78.216.131
866,Kristoforo,Robbe,krobbeo1@state.tx.us,Male,123.4.63.12
867,Sandie,Dench,sdencho2@themeforest.net,Female,167.211.39.178
868,Danny,Guynemer,dguynemero3@harvard.edu,Female,61.14.137.4
869,Alla,Del Monte,adelmonteo4@wsj.com,Genderfluid,117.61.85.1
870,Sena,Opy,sopyo5@dell.com,Agender,132.103.202.223
871,Raimundo,Barron,rbarrono6@flickr.com,Male,31.132.78.161
872,Damiano,Daintier,ddaintiero7@biblegateway.com,Male,89.252.96.150
873,Christoper,Kleinzweig,ckleinzweigo8@php.net,Male,172.139.109.62
874,Ryley,Wilne,rwilneo9@domainmarket.com,Male,118.103.43.107
875,Clevie,Meuse,cmeuseoa@illinois.edu,Male,72.214.160.255
876,Ber,Silburn,bsilburnob@virginia.edu,Male,232.232.250.145
877,Keary,Derl,kderloc@cdc.gov,Male,139.42.178.88
878,Tabor,MacMaykin,tmacmaykinod@csmonitor.com,Male,131.228.247.241
879,Israel,Acedo,iacedooe@goo.gl,Agender,167.81.45.60
880,Sandor,Peacey,speaceyof@rambler.ru,Male,123.252.226.43
881,Adolpho,Willimont,awillimontog@admin.ch,Male,47.149.162.105
882,Eveleen,Biddulph,ebiddulphoh@webnode.com,Female,26.167.49.4
883,Edvard,Readwin,ereadwinoi@yolasite.com,Male,122.60.46.203
884,Tudor,Rivaland,trivalandoj@clickbank.net,Male,23.70.64.1
885,Therine,Revelle,trevelleok@blinklist.com,Female,211.40.19.89
886,Travers,Vayne,tvayneol@trellian.com,Male,164.193.99.41
887,Renae,Durie,rdurieom@paypal.com,Female,98.58.220.37
888,Ruby,Milley,rmilleyon@wunderground.com,Male,212.139.141.205
889,Ursa,Ivashin,uivashinoo@nhs.uk,Polygender,245.173.76.243
890,Julius,Redgrove,jredgroveop@businessinsider.com,Male,147.180.48.119
891,Saundra,Barling,sbarlingoq@wordpress.org,Male,123.73.50.128
892,Rey,Benezeit,rbenezeitor@merriam-webster.com,Male,234.193.75.184
893,Caresa,Firidolfi,cfiridolfios@washingtonpost.com,Female,137.77.172.5
894,Gladys,Giacobo,ggiacoboot@narod.ru,Female,57.81.210.152
895,Merle,Magner,mmagnerou@issuu.com,Male,111.75.54.82
896,Dimitri,Pengelley,dpengelleyov@vinaora.com,Male,103.98.232.78
897,Lorne,Gaskin,lgaskinow@pagesperso-orange.fr,Female,132.52.135.39
898,Deloris,Doherty,ddohertyox@theglobeandmail.com,Female,2.107.244.162
899,Thorn,Swatten,tswattenoy@sphinn.com,Male,95.154.51.17
900,Reina,Seymark,rseymarkoz@nps.gov,Female,11.245.252.175
901,Breena,Syddon,bsyddonp0@cafepress.com,Bigender,75.175.43.30
902,Sophi,Sansun,ssansunp1@msn.com,Female,227.96.69.42
903,Alfonse,Shortall,ashortallp2@ucsd.edu,Male,199.175.23.138
904,Cory,Fores,cforesp3@disqus.com,Male,100.70.161.153
905,Denise,Vanes,dvanesp4@hao123.com,Female,79.31.151.52
906,Shannen,Letteresse,sletteressep5@wiley.com,Female,91.21.134.101
907,Reginauld,Tatton,rtattonp6@nhs.uk,Male,46.83.79.178
908,Alla,Pauel,apauelp7@example.com,Genderqueer,232.197.95.129
909,Creight,O'Sculley,cosculleyp8@fema.gov,Male,55.250.222.3
910,Arabel,Garbert,agarbertp9@nationalgeographic.com,Female,204.209.114.248
911,Teodor,Cowpe,tcowpepa@homestead.com,Male,234.215.14.116
912,Hedy,Kinworthy,hkinworthypb@ustream.tv,Agender,238.232.80.76
913,Hetti,Weaver,hweaverpc@weibo.com,Female,15.73.197.20
914,Amelina,More,amorepd@odnoklassniki.ru,Female,140.138.24.172
915,Hercules,Breward,hbrewardpe@uiuc.edu,Male,172.227.158.181
916,Zabrina,Cubbinelli,zcubbinellipf@list-manage.com,Female,108.30.239.244
917,Shawn,Kocher,skocherpg@ifeng.com,Male,54.59.139.238
918,Konstanze,Baff,kbaffph@creativecommons.org,Polygender,195.232.213.61
919,Florette,Macieiczyk,fmacieiczykpi@lycos.com,Female,28.88.14.91
920,Dino,Rackstraw,drackstrawpj@topsy.com,Male,236.117.76.241
921,Beryle,Roblin,broblinpk@goodreads.com,Female,91.30.77.43
922,Micah,Jaszczak,mjaszczakpl@slate.com,Male,120.104.104.246
923,Gabey,Yarnall,gyarnallpm@wired.com,Female,151.227.245.174
924,Alwin,Chedgey,achedgeypn@smh.com.au,Male,33.30.30.42
925,Myrtle,Bonhill,mbonhillpo@xinhuanet.com,Female,228.74.165.162
926,Dorey,MacCaughey,dmaccaugheypp@cdbaby.com,Male,6.161.43.243
927,Brit,Tidcomb,btidcombpq@businesswire.com,Male,245.109.175.225
928,Faulkner,Hunnaball,fhunnaballpr@biglobe.ne.jp,Male,79.246.107.80
929,Kania,Gimenez,kgimenezps@histats.com,Female,191.36.73.121
930,Cristy,Giovanardi,cgiovanardipt@dion.ne.jp,Female,224.159.226.28
931,Denna,Waldrum,dwaldrumpu@ow.ly,Female,66.46.191.115
932,Barth,Clara,bclarapv@google.ru,Male,53.122.247.202
933,Whitaker,Mogford,wmogfordpw@devhub.com,Male,44.60.108.124
934,Carry,Winspurr,cwinspurrpx@ovh.net,Female,202.63.140.115
935,Bjorn,Parnaby,bparnabypy@opensource.org,Male,42.149.19.140
936,Tansy,Grimme,tgrimmepz@nba.com,Female,121.73.82.30
937,Stoddard,Kruschev,skruschevq0@tamu.edu,Female,41.82.47.138
938,Adolf,Vaughton,avaughtonq1@istockphoto.com,Male,162.108.81.197
939,Kent,Leates,kleatesq2@elegantthemes.com,Male,147.45.198.37
940,Ferdy,Birden,fbirdenq3@amazonaws.com,Male,7.218.160.170
941,Xerxes,Cawkwell,xcawkwellq4@zdnet.com,Male,65.3.141.223
942,Tabbitha,Miche,tmicheq5@sciencedaily.com,Female,97.73.35.122
943,Gearalt,Risman,grismanq6@state.tx.us,Male,238.78.72.151
944,Muffin,Charlin,mcharlinq7@smh.com.au,Male,112.225.244.172
945,Brander,Sterte,bsterteq8@fotki.com,Male,156.189.228.148
946,Raddy,Casale,rcasaleq9@washingtonpost.com,Male,116.64.201.131
947,Bernelle,Scholefield,bscholefieldqa@delicious.com,Female,201.154.238.195
948,Yvon,Licciardo,ylicciardoqb@mit.edu,Male,47.193.251.42
949,Nicoline,Fotitt,nfotittqc@tinypic.com,Female,16.238.206.123
950,Tome,Winskill,twinskillqd@hostgator.com,Male,42.139.22.213
951,Janette,Ramsbottom,jramsbottomqe@smh.com.au,Female,24.211.254.144
952,Janelle,Custed,jcustedqf@marketwatch.com,Female,90.103.203.220
953,Mathian,Pickring,mpickringqg@google.nl,Male,96.28.245.148
954,Francisca,Cornelissen,fcornelissenqh@noaa.gov,Female,103.98.147.137
955,Edvard,Wortley,ewortleyqi@arizona.edu,Male,74.214.111.179
956,Issy,Maccaddie,imaccaddieqj@ezinearticles.com,Female,89.141.168.110
957,Tresa,O'Hara,toharaqk@answers.com,Female,90.19.17.118
958,Mari,Drivers,mdriversql@blogger.com,Polygender,202.165.202.65
959,Erny,Mesias,emesiasqm@hibu.com,Male,195.108.134.128
960,Rouvin,Kocher,rkocherqn@yandex.ru,Male,241.180.241.92
961,Marion,Castagna,mcastagnaqo@nih.gov,Female,15.194.7.237
962,Byran,Lawlings,blawlingsqp@toplist.cz,Male,120.76.52.105
963,Garrot,Lear,glearqq@surveymonkey.com,Male,149.71.177.43
964,Clotilda,McGavin,cmcgavinqr@umich.edu,Polygender,39.208.232.103
965,Nester,Botley,nbotleyqs@theglobeandmail.com,Male,142.206.7.175
966,Olenolin,Mustin,omustinqt@aol.com,Male,12.15.113.1
967,Lolly,Dundin,ldundinqu@cdbaby.com,Genderqueer,254.33.144.216
968,Arlana,Lionel,alionelqv@oracle.com,Female,133.43.121.160
969,Dulciana,todor,dtodorqw@symantec.com,Female,95.33.137.133
970,Cherida,Ludlam,cludlamqx@reverbnation.com,Female,211.40.209.40
971,Winnie,Ferrucci,wferrucciqy@tripadvisor.com,Male,134.73.211.92
972,Ilaire,Hubner,ihubnerqz@de.vu,Male,115.127.145.92
973,Erina,De Normanville,edenormanviller0@themeforest.net,Female,2.189.245.107
974,Myrwyn,Fernez,mfernezr1@google.de,Polygender,73.170.45.211
975,Hobie,Boggis,hboggisr2@yellowbook.com,Male,15.237.99.128
976,Prinz,Sayton,psaytonr3@slate.com,Male,164.23.187.121
977,Myles,Townend,mtownendr4@yahoo.co.jp,Non-binary,20.71.86.126
978,Candace,Niave,cniaver5@craigslist.org,Female,75.191.135.52
979,Chancey,Egle,cegler6@gizmodo.com,Agender,6.21.30.194
980,Herta,Matskevich,hmatskevichr7@cafepress.com,Female,166.227.143.164
981,Bari,Radki,bradkir8@google.es,Female,178.78.120.91
982,Claudius,Fitzpatrick,cfitzpatrickr9@linkedin.com,Male,206.38.188.65
983,Ephrem,Lorenzin,elorenzinra@yale.edu,Male,133.48.180.172
984,Leopold,Bodker,lbodkerrb@shutterfly.com,Male,223.243.245.53
985,Meade,Offell,moffellrc@xinhuanet.com,Male,246.212.186.110
986,Glory,Wrixon,gwrixonrd@devhub.com,Female,174.148.5.23
987,Delainey,Daskiewicz,ddaskiewiczre@admin.ch,Male,125.141.130.63
988,Dunstan,Pigden,dpigdenrf@skype.com,Male,102.99.95.101
989,Bernadene,Ruslinge,bruslingerg@spotify.com,Female,177.135.171.54
990,Saudra,Loy,sloyrh@techcrunch.com,Female,0.43.5.39
991,Cathe,Menchenton,cmenchentonri@home.pl,Female,152.48.55.75
992,Anthony,Sachno,asachnorj@hud.gov,Male,165.243.22.140
993,Zared,Klimowski,zklimowskirk@economist.com,Male,68.62.115.219
994,Fritz,Belchem,fbelchemrl@4shared.com,Male,64.57.47.241
995,Oliviero,Jedras,ojedrasrm@shinystat.com,Male,43.9.170.225
996,Thoma,Bagge,tbaggern@webnode.com,Male,123.32.150.116
997,Willie,Shannahan,wshannahanro@ning.com,Polygender,126.17.109.178
998,Georges,Vokes,gvokesrp@domainmarket.com,Male,200.59.137.235
999,Nert,Veel,nveelrq@time.com,Female,86.27.61.115
1000,Winny,Cundy,wcundyrr@yahoo.co.jp,Female,120.252.70.23
